x1; x2; x3; y
-1.14; -47.02; -32.36; -198.48 
-31.44; 28.56; -46.75; 42.04 
9.93; 3.00; -44.55; -118.00 
-45.04; 43.26; -24.53; 164.82 
-32.16; 35.89; -2.34; 166.47 
-19.62; -11.55; -38.48; -74.21 
48.69; 15.69; 11.52; -44.10 
-22.13; 16.04; -8.53; 75.34 
-41.09; -29.88; -41.39; -80.24 
28.43; 39.95; -44.92; -62.57 
14.23; -3.25; -49.33; -155.92 
10.25; 5.00; 47.30; 99.72 
-36.55; 47.58; 20.65; 261.48 
-48.51; -27.95; 19.45; 83.39 
24.21; 14.61; -20.41; -64.04 
16.94; 9.34; 17.19; 25.96 
41.04; -37.98; -35.83; -280.49 
-35.77; -47.80; 19.95; 1.47 
-28.80; -39.46; 13.59; -7.09 
-23.78; -8.15; -37.61; -53.35 
-21.70; -42.88; 0.68; -62.79 
19.16; 5.99; -31.35; -100.84 
-6.83; 10.86; 21.31; 94.99 
-31.62; 10.51; 37.73; 189.90 
-22.54; -22.66; 17.76; 33.19 
-24.03; 4.56; -8.88; 48.07 
38.75; 32.65; -20.89; -50.50 
-41.25; -33.02; -26.36; -53.45 
37.17; -34.51; -37.65; -266.37 
20.86; -26.24; -33.36; -196.16 
14.37; 18.75; 34.07; 96.42 
-36.30; -41.50; 0.27; -26.01 
-33.18; -40.52; 9.52; -9.18 
36.77; -3.87; 15.57; -59.54 
-44.55; -28.75; -2.64; 20.76 
-38.81; 35.83; 39.60; 279.10 
-43.25; -18.61; -35.00; -30.07 
43.65; -10.71; -43.27; -230.48 
-48.39; 8.47; 26.98; 198.55 
-40.61; -18.59; 23.20; 98.86 
13.58; -16.14; -8.63; -94.66 
0.80; 23.98; 6.56; 78.28 
2.01; 34.39; 49.09; 202.13 
-10.80; -45.07; 4.31; -85.66 
15.03; 6.67; -8.95; -37.42 
44.13; -45.60; 40.37; -131.41 
-3.10; 32.01; -44.40; -9.26 
28.31; 9.94; -22.69; -91.44 
-27.86; 8.54; -46.98; -20.69 
35.05; 15.31; 30.19; 29.98 
7.66; 28.63; 48.81; 172.83 
-48.20; -5.40; 13.58; 129.71 
-2.12; 45.80; 5.21; 140.65 
26.08; -34.33; -26.57; -214.34 
-18.52; -16.21; -34.07; -79.08 
-1.76; -32.04; 14.04; -49.09 
-42.55; -23.62; -29.35; -32.07 
9.10; -18.64; -16.20; -108.51 
-44.90; 15.62; 25.19; 205.50 
20.48; 12.73; -16.95; -52.38 
-43.35; -48.25; 35.41; 53.78 
-36.23; -7.82; -30.41; -6.75 
-8.32; -46.84; -16.65; -144.82 
-30.20; 29.45; 45.51; 255.59 
26.40; 47.59; 20.13; 113.63 
47.29; 14.52; -7.88; -88.99 
24.18; 21.23; -32.28; -73.70 
-49.41; 22.59; 17.83; 217.68 
-7.98; 28.10; 41.65; 191.23 
6.19; 15.23; 29.45; 95.29 
-4.23; -33.04; 27.87; -13.94 
36.94; -25.96; 37.82; -67.74 
-2.00; 45.45; 1.39; 130.57 
45.07; -31.18; -4.70; -199.37 
-21.17; 17.72; -44.95; -6.87 
11.62; -2.33; 40.98; 62.15 
31.91; -26.16; -14.93; -178.94 
43.85; 43.35; -18.83; -28.82 
-47.51; -48.43; -48.97; -132.77 
14.41; -46.46; 34.54; -78.00 
-21.66; 26.08; -26.24; 60.17 
36.93; 22.01; -28.41; -92.33 
-7.43; 14.87; 17.55; 98.45 
-37.16; -33.94; 33.54; 73.52 
-24.22; -4.99; 17.09; 83.08 
-22.02; -27.68; -42.41; -121.12 
19.80; -42.58; -49.98; -276.21 
-15.10; 18.71; 14.95; 120.62 
1.08; 6.10; 28.27; 79.90 
-39.20; 10.29; 34.98; 200.59 
-10.28; 13.38; 47.57; 170.73 
-23.80; -41.24; -27.43; -118.70 
37.56; 42.20; 2.77; 32.85 
-47.72; -28.60; 14.30; 67.85 
-37.75; -35.42; 31.21; 65.50 
-2.35; -4.64; -0.50; -7.75 
23.60; -30.27; 43.38; -35.35 
-19.80; -38.42; 39.79; 35.52 
-47.15; 5.48; 9.95; 148.10 
-44.44; -3.27; -40.65; 0.86 
-0.50; 27.31; 36.50; 159.73 
21.03; -2.45; 10.15; -31.62 
-2.90; -0.12; -49.25; -107.41 
46.60; -23.92; -37.72; -260.01 
-22.94; 12.25; 34.68; 167.28 
-24.77; 39.82; 32.58; 240.84 
35.15; 38.03; 40.46; 114.69 
-30.90; 21.14; -22.27; 77.62 
-45.98; 36.68; -25.06; 148.08 
-47.99; 35.94; -3.50; 200.80 
-44.14; 35.15; -46.22; 90.59 
-15.06; 12.21; 18.38; 111.00 
-0.12; -4.96; -41.38; -108.64 
18.93; -1.38; -16.73; -86.21 
-28.71; -4.96; -34.03; -24.98 
-38.77; -48.42; 31.96; 34.65 
22.50; -42.52; -37.68; -253.80 
-12.74; -20.84; -20.39; -73.26 
12.35; 9.45; -41.38; -98.94 
-25.65; -29.50; -37.07; -105.17 
31.31; 15.71; 27.20; 32.83 
-22.13; 41.35; -42.63; 64.31 
5.57; 4.23; -32.24; -75.98 
45.51; 36.67; 48.53; 105.61 
23.65; 6.69; -37.74; -124.25 
-44.41; -5.78; -25.06; 30.21 
43.13; 19.97; -49.80; -161.89 
-41.65; 45.41; 23.42; 273.95 
37.53; -48.74; -0.17; -218.53 
-46.49; -43.25; 35.30; 74.30 
-42.95; 22.98; 0.61; 163.72 
-35.51; 11.13; 23.60; 167.85 
18.95; 22.46; -35.02; -64.56 
-40.07; -16.32; 40.68; 144.26 
3.51; -18.45; -26.23; -118.24 
44.30; -34.47; -30.06; -265.26 
31.79; -30.07; -20.05; -201.05 
-29.13; -0.68; 4.87; 77.76 
40.35; 33.00; 38.06; 83.47 
-35.39; 17.56; 17.51; 170.74 
18.24; -25.05; 11.79; -82.11 
-11.31; -37.67; 13.95; -42.20 
31.58; 27.13; -34.30; -79.76 
-41.33; -18.45; 4.77; 58.15 
-45.25; 24.15; -45.12; 66.14 
12.64; -14.63; 7.22; -51.64 
1.99; 35.92; 1.03; 94.80 
44.20; 11.57; 45.70; 34.58 
-37.58; 39.68; 18.10; 236.71 
40.40; 17.14; -18.34; -90.15 
23.07; -44.54; -36.99; -258.96 
32.44; 9.99; 9.92; -25.28 
-40.42; -0.31; 35.99; 177.26 
45.03; 21.50; -44.14; -149.07 
-21.58; 12.90; 29.70; 154.31 
31.68; 37.75; -44.85; -75.90 
-27.38; 34.90; -9.40; 136.29 
-27.66; 38.15; -29.05; 100.10 
-33.62; -31.15; -45.53; -110.67 
16.78; 36.98; -47.43; -49.24 
-19.55; -15.74; -19.56; -41.75 
40.08; -0.53; 47.52; 15.85 
3.58; -8.61; 21.72; 19.31 
21.79; 6.04; -19.74; -79.90 
-12.91; 21.46; 21.41; 137.90 
-48.23; -1.17; -8.81; 89.21 
-49.72; -31.15; -0.26; 31.87 
-4.92; -45.37; -47.12; -219.48 
48.69; 4.82; -31.36; -172.82 
-5.83; -21.10; 35.46; 39.51 
14.99; -13.28; -14.01; -102.73 
-25.93; 49.59; 45.84; 300.58 
-41.59; 15.95; -29.76; 71.19 
-24.26; -41.89; -27.51; -119.56 
-36.12; -17.83; 13.26; 67.38 
29.63; 36.05; -11.66; 1.31 
49.44; 22.77; -30.49; -124.26 
-12.42; 2.51; 11.53; 62.86 
-39.90; -38.55; 35.12; 71.17 
-24.35; -6.23; 21.89; 91.18 
44.59; -21.34; 40.52; -66.87 
-2.04; -21.99; -38.10; -142.37 
13.96; -34.05; 42.15; -25.91 
-38.19; -35.71; 43.51; 94.29 
-7.96; -36.13; 38.24; 10.49 
1.88; -33.02; -27.87; -157.44 
18.26; 10.52; -34.23; -93.24 
10.96; 40.63; 46.93; 193.06 
11.41; 8.66; -39.65; -94.86 
-7.78; -30.79; 22.40; -12.31 
23.78; -1.34; 10.51; -34.21 
-42.33; 33.98; -3.70; 181.87 
-2.30; 6.08; -36.46; -62.45 
-49.28; 20.06; 9.81; 191.96 
38.13; 2.49; 16.06; -44.47 
-27.51; 9.04; -18.43; 46.08 
9.92; -20.24; -31.73; -150.75 
-38.89; 45.97; 32.49; 290.07 
15.41; -26.46; -26.94; -169.16 
-33.15; 23.79; 4.94; 153.12 
-35.70; -40.77; 36.51; 58.63 
17.52; -20.55; 39.78; -3.39 
30.82; -42.67; -44.46; -289.32 
1.71; 39.54; -41.52; 6.47 
-22.36; -3.95; 48.47; 154.34 
-46.30; 19.70; 11.71; 188.46 
-20.28; -7.19; 47.60; 138.76 
0.92; 29.06; -34.51; -3.62 
12.84; -43.75; -3.19; -154.59 
23.50; -43.48; -5.16; -183.27 
6.18; -41.10; -41.58; -221.00 
9.42; 33.32; -26.74; 6.07 
4.29; -34.79; -46.19; -210.32 
-33.10; -41.02; -8.56; -52.66 
-48.68; 32.34; 5.87; 214.46 
1.89; 22.45; -19.26; 11.72 
6.39; 42.41; 32.60; 175.25 
25.95; 35.63; -49.27; -78.51 
30.93; 14.59; -41.54; -128.77 
43.26; 11.31; 16.25; -32.25 
19.31; 1.97; 22.96; 13.99 
34.33; -41.18; -11.59; -217.23 
49.81; -20.59; -28.96; -238.21 
-14.42; -3.82; 38.05; 112.02 
-15.27; -45.28; 42.48; 12.75 
6.47; 1.15; 47.71; 99.13 
46.85; 49.79; 31.89; 99.18 
-10.04; 18.16; 45.37; 177.92 
-37.29; 34.23; 46.93; 288.26 
-18.04; 16.52; -8.62; 66.89 
36.59; 28.34; -47.95; -119.84 
8.98; -40.04; 38.68; -38.47 
-40.96; -40.83; -37.95; -102.02 
23.56; -28.87; -46.88; -240.90 
-44.57; -22.91; -48.89; -70.78 
-36.86; -47.54; -10.89; -66.84 
-7.01; -28.48; 23.52; -5.29 
37.22; -34.12; -28.14; -243.37 
21.11; 34.19; -21.62; -6.95 
23.18; -45.58; -48.67; -289.11 
-10.04; -26.36; 1.53; -43.55 
-44.94; 23.16; 9.54; 189.56 
35.04; 44.99; 4.91; 51.19 
-33.92; 8.06; -32.61; 25.48 
-43.20; -6.98; 44.14; 184.70 
-27.10; 45.73; -47.23; 77.00 
-28.11; -9.75; 16.35; 77.62 
-5.00; 41.65; -14.94; 89.45 
-24.99; -29.88; 49.70; 93.57 
32.66; 9.92; -37.70; -136.46 
28.84; 16.73; 6.41; -6.90 
16.83; -41.48; 10.41; -126.22 
-38.17; -46.68; 8.74; -15.94 
8.85; -16.13; 1.08; -61.08 
38.62; -8.68; -14.26; -146.00 
-30.46; -10.11; -47.70; -66.47 
-46.86; 7.23; 42.62; 227.93 
38.62; -33.01; -48.81; -291.60 
-22.18; 17.84; 22.87; 153.15 
-41.09; 35.69; 16.70; 230.91 
17.72; -3.04; -22.38; -100.97 
-17.62; 7.36; -49.35; -53.22 
-33.47; -34.50; -24.97; -72.33 
18.34; -26.37; -3.90; -122.30 
8.01; -24.09; -33.54; -160.86 
5.17; 21.06; 19.87; 91.12 
35.33; -30.74; 27.18; -101.53 
19.23; -14.63; 9.33; -62.10 
46.12; -36.94; -48.71; -319.42 
15.03; -40.70; -23.14; -197.77 
-10.28; 19.34; -4.70; 65.49 
-16.14; -4.42; -37.24; -60.26 
3.63; 41.57; -47.32; -6.00 
-45.19; 2.83; 10.91; 138.64 
-7.33; -44.85; -24.36; -159.66 
-16.21; 27.81; 9.82; 135.78 
31.32; 37.21; 10.46; 51.81 
-1.23; 18.65; 1.33; 56.54 
16.70; -48.41; 32.69; -92.87 
-7.41; -14.32; 21.65; 29.39 
-13.53; 10.12; 18.26; 101.53 
-7.66; 41.62; -19.63; 84.68 
20.22; -17.40; -41.67; -190.17 
48.23; -49.35; 42.27; -146.64 
-26.21; -6.65; 16.17; 81.12 
27.68; 9.72; 20.79; 10.31 
27.09; -19.76; -26.44; -177.19 
43.08; -22.73; 15.29; -125.63 
-35.40; -41.75; 32.05; 44.95 
-11.33; -33.54; 2.44; -57.74 
-25.03; -7.02; -24.19; -16.26 
-46.01; 34.37; 33.88; 278.68 
-11.23; 44.50; -23.57; 91.61 
-23.14; -6.85; -6.25; 21.41 
45.32; 10.52; -33.44; -154.46 
28.62; 26.47; -17.44; -35.52 
2.50; -35.58; 2.92; -94.34 
-34.53; -17.41; -40.36; -59.59 
23.53; 14.26; -17.94; -57.67 
-13.13; -21.94; -9.74; -50.60 
48.00; 11.23; 28.20; -15.79 
-33.13; -15.00; -48.74; -75.81 
-25.41; 43.86; -25.74; 117.89 
-9.76; -23.56; -36.95; -125.94 
9.76; -6.59; -10.28; -63.90 
-11.41; -34.80; -36.64; -151.61 
48.59; 26.60; 15.48; -5.33 
39.74; 45.15; -11.38; 2.88 
26.32; 20.41; -14.03; -38.55 
-9.35; -25.68; 48.55; 65.76 
24.88; 0.12; 0.26; -56.62 
38.26; -13.57; 46.76; -16.75 
-20.60; 9.20; -28.67; 6.65 
13.24; -3.59; 15.26; -4.68 
-7.81; 24.30; -3.92; 74.89 
-17.67; -1.18; 7.29; 55.33 
42.29; 17.17; -49.70; -167.23 
-23.16; -48.19; 36.26; 8.87 
-15.90; -8.47; -49.56; -100.30 
31.87; 27.05; 5.02; 10.57 
-30.71; -30.87; -6.12; -25.26 
8.40; -37.64; 31.12; -48.21 
33.40; 35.60; -17.06; -21.22 
-28.09; 18.91; -9.89; 93.79 
31.30; -37.46; -34.02; -252.20 
-1.40; -35.33; 32.43; -16.12 
28.06; 16.13; 48.15; 90.14 
-6.66; -24.00; -39.45; -140.15 
39.22; 35.66; 39.69; 97.04 
17.82; 16.78; 28.83; 70.92 
13.57; -44.16; 8.81; -129.55 
-5.71; -42.38; -48.33; -212.40 
-48.81; 21.08; 40.25; 264.23 
-42.68; 44.17; 3.30; 226.34 
-47.87; -14.09; 15.82; 110.76 
-13.61; -27.85; -38.12; -131.22 
-30.30; 7.79; 39.44; 183.47 
-5.92; -6.11; -4.23; -12.04 
23.52; -12.43; 19.41; -42.79 
-43.58; -27.69; -42.54; -71.22 
9.58; 29.75; -44.93; -46.11 
-3.53; 14.72; 34.19; 127.56 
-32.46; 40.56; 16.74; 224.00 
40.08; 37.76; -9.29; -12.94 
-46.74; -12.87; 12.34; 103.33 
41.51; -35.39; -30.56; -262.40 
27.72; 0.30; -37.72; -150.87 
-7.66; 18.48; -16.54; 29.61 
40.71; 12.07; 39.68; 30.09 
33.35; -41.31; 19.90; -142.24 
48.94; -8.48; 1.56; -132.80 
-46.24; 48.41; 18.21; 280.63 
39.75; -8.84; -29.09; -183.47 
-40.21; 14.45; 48.35; 245.15 
-0.54; 24.82; 25.00; 126.44 
43.96; -35.57; 16.51; -159.39 
-46.91; 39.63; 37.09; 302.37 
10.25; 35.14; 34.46; 151.01 
29.57; -43.98; -34.03; -265.73 
30.49; 41.66; -44.11; -60.89 
-7.33; -26.46; -39.96; -146.39 
-14.18; 43.21; -24.01; 93.99 
5.53; -5.13; 44.29; 76.49 
-12.66; -33.77; 12.82; -31.18 
-39.44; -37.87; -13.78; -41.52 
-13.39; -39.57; 14.20; -41.88 
-3.20; 44.60; -37.84; 40.06 
-36.09; -35.64; 43.01; 88.42 
-22.06; 19.36; -39.35; 12.61 
2.24; -30.56; 39.89; 5.54 
-38.29; -4.26; -29.15; 10.55 
-32.34; -8.06; -2.76; 47.69 
45.80; 44.50; -1.99; 8.79 
38.24; 47.30; -45.98; -68.12 
-41.48; 4.83; 21.40; 159.71 
-46.34; 46.30; -42.09; 135.29 
40.59; -24.97; 4.41; -151.09 
-21.82; 5.81; 9.88; 89.81 
16.31; -29.16; 49.66; -0.81 
7.45; 23.14; -13.30; 14.45 
-32.97; 12.85; -35.93; 28.45 
31.39; 39.73; 17.06; 73.73 
-7.12; 1.39; 26.05; 81.18 
18.75; 12.49; -29.70; -78.57 
-7.61; 42.33; -6.69; 116.50 
-40.26; -48.24; 40.46; 58.33 
42.96; 13.84; 5.09; -50.64 
-4.18; -49.62; 26.77; -61.21 
-24.19; -26.54; -12.88; -44.49 
37.79; -21.46; -4.09; -154.85 
7.37; -24.31; -47.58; -192.53 
-49.77; -44.30; 23.87; 52.60 
-29.57; -26.65; -20.75; -50.51 
3.31; 6.13; -13.52; -22.17 
-49.33; -4.39; 20.11; 150.21 
23.21; 5.72; 30.92; 33.46 
11.89; -48.59; -0.83; -159.92 
-43.27; -26.48; 21.13; 79.03 
-40.25; -36.76; -47.62; -115.16 
-48.78; 30.61; 36.61; 281.35 
-37.92; 18.76; -45.15; 34.49 
26.60; -2.94; -46.43; -177.18 
-41.41; -0.17; -24.34; 39.98 
7.95; 18.67; -45.57; -73.60 
41.31; 8.43; -26.10; -133.71 
-43.34; -15.06; -23.24; 6.97 
43.66; -37.23; -32.54; -276.95 
43.71; -47.07; -45.50; -333.60 
24.04; 49.29; -29.65; 8.21 
-10.09; -6.46; -48.94; -106.99 
-28.97; -40.48; 39.42; 50.48 
-14.81; -41.68; -29.16; -144.84 
-11.46; 35.74; -45.56; 17.56 
-31.53; -17.94; -43.21; -74.62 
29.92; -47.40; 47.67; -86.21 
28.99; -13.75; 6.17; -89.80 
-33.99; -41.75; -38.37; -121.71 
-26.24; 44.95; -24.79; 124.96 
-15.04; -42.38; 42.50; 20.06 
26.12; -45.73; -27.53; -247.32 
18.09; 26.19; 36.93; 114.40 
-35.64; 1.99; 41.19; 184.38 
-21.36; -30.68; -35.46; -114.61 
27.21; 12.27; -33.82; -108.44 
-31.41; -24.36; 10.69; 32.88 
14.37; -8.63; -6.80; -72.05 
-48.51; -48.27; -15.97; -53.45 
-40.25; -34.71; 28.78; 67.60 
48.60; -12.59; 7.97; -128.19 
-0.86; 45.61; -10.36; 101.08 
34.79; -38.60; -5.10; -196.31 
-31.15; -45.03; 19.22; -3.54 
27.48; 24.94; -33.70; -74.70 
18.58; -4.14; 25.20; 4.46 
43.85; 5.69; -44.18; -188.94 
-15.28; -45.50; -14.25; -119.43 
27.06; -42.55; 20.74; -128.97 
-5.77; -43.32; 10.16; -79.10 
11.53; -5.54; 15.78; -4.74 
22.48; -22.58; -22.30; -164.43 
30.09; -30.01; 3.35; -142.64 
-29.47; -18.67; -11.11; -6.91 
28.41; -25.27; 18.20; -91.53 
11.39; -15.42; -27.70; -131.86 
14.11; 44.50; -7.07; 70.85 
43.87; 5.90; -3.55; -94.16 
-38.57; -40.86; -40.54; -113.68 
-4.24; -39.84; -10.58; -121.42 
-12.11; 13.55; -19.25; 20.43 
-16.15; -10.72; -49.09; -104.68 
-46.95; -25.51; -21.09; -7.74 
34.15; -14.38; 15.46; -81.96 
40.18; 35.17; -13.70; -30.38 
-8.21; 45.75; -49.30; 28.24 
3.32; 2.90; 0.96; 2.71 
-16.41; -26.31; -41.44; -128.26 
33.31; -39.98; -0.29; -185.41 
45.65; 9.43; 21.16; -31.49 
-21.38; 3.31; -10.76; 34.18 
10.80; 4.55; -43.62; -113.70 
0.38; -28.52; 48.07; 34.34 
-19.05; -44.98; -31.09; -148.32 
30.82; -41.79; 39.70; -91.70 
29.55; -38.00; -30.83; -242.18 
-4.34; 29.83; 43.56; 191.83 
-15.49; -45.74; -3.05; -93.60 
-40.05; -45.18; 11.09; -2.07 
-27.86; 44.16; -41.84; 87.06 
20.27; 19.65; 17.02; 45.54 
12.14; -41.40; 7.27; -122.37 
-34.28; 17.90; -41.87; 31.30 
-33.31; -47.68; -1.23; -53.08 
-20.06; -46.78; -43.71; -180.09 
7.16; -18.76; 22.17; -15.29 
31.59; 15.93; -21.93; -81.21 
0.22; -22.47; -17.65; -101.48 
21.92; -32.62; 12.93; -108.40 
30.95; -7.71; -33.65; -170.50 
20.76; 28.28; 23.73; 83.18 
33.23; 31.26; -42.26; -90.96 
-36.94; -44.16; -1.72; -36.29 
-23.99; 49.32; -8.04; 170.33 
-29.33; 39.87; -0.16; 175.64 
30.54; -31.00; -27.53; -218.00 
-0.72; 46.89; 30.83; 199.76 
-31.69; 0.13; 33.15; 151.52 
-26.68; -8.94; -15.02; 3.69 
-49.36; 8.85; 40.15; 232.38 
16.19; 23.68; -20.96; -22.23 
-10.63; -42.99; 32.23; -15.68 
-7.69; 9.15; -5.60; 29.96 
18.51; -12.59; 29.34; -8.51 
49.23; -13.57; -49.26; -265.07 
-1.28; -42.17; 8.78; -89.67 
16.39; 10.71; 33.74; 69.32 
38.18; 38.19; 11.19; 40.15 
-17.15; -35.62; 5.57; -42.52 
-3.68; -42.40; 13.86; -72.91 
-16.36; -26.45; -25.63; -92.07 
-38.03; 19.71; -6.50; 126.97 
-9.56; 42.95; 30.80; 209.69 
-26.66; -41.71; 4.80; -38.53 
-30.48; 33.65; 10.91; 187.27 
-10.15; -27.89; -36.91; -136.59 
-16.73; 15.70; -2.90; 74.91 
-30.53; 29.99; -41.17; 56.71 
-8.16; 28.95; -28.07; 32.19 
21.83; -27.56; 13.24; -93.86 
14.75; 24.78; -28.71; -33.90 
-22.85; -27.63; 35.86; 62.53 
-32.97; -5.48; -27.91; -2.25 
-35.32; -7.57; -4.81; 51.19 
-42.63; -38.96; -23.16; -58.79 
-19.61; -24.14; -2.02; -23.51 
-15.21; 20.25; 13.20; 120.96 
-28.78; 16.32; -46.51; 3.48 
21.87; 27.66; -27.34; -39.56 
43.94; -0.72; -2.09; -108.75 
23.29; 47.98; -46.22; -32.01 
-20.51; -45.22; -37.46; -160.34 
-15.02; 2.87; 24.10; 99.05 
-35.02; 10.85; 8.07; 129.93 
-34.41; 29.81; -36.43; 76.27 
-46.63; 48.19; -26.52; 177.17 
35.71; -37.42; -1.54; -187.02 
-49.23; 15.55; 32.06; 231.33 
-24.90; -13.82; -6.72; 5.67 
-35.90; -34.15; -11.30; -34.01 
49.14; 32.52; -41.32; -122.46 
36.15; -11.79; 30.08; -45.74 
42.81; 23.88; 11.65; -8.06 
1.96; -27.07; -20.79; -125.20 
48.70; -43.30; 42.99; -129.79 
-40.47; 45.76; 12.44; 246.67 
-26.45; -2.84; 15.15; 89.56 
-19.31; -17.52; -37.59; -88.93 
10.55; 2.46; -46.63; -125.73 
9.72; -38.72; -28.73; -193.04 
-45.31; 33.72; -24.96; 138.79 
47.03; -25.00; -23.29; -230.44 
9.33; -43.07; 48.43; -24.82 
-6.73; -34.28; 19.61; -30.62 
36.00; -42.07; 5.42; -184.05 
-22.14; -12.24; -12.38; -9.64 
-13.25; -38.94; 38.78; 16.51 
-24.19; -0.28; -39.29; -35.12 
48.92; -16.12; -39.95; -249.61 
23.46; -45.46; 23.39; -122.26 
3.70; -19.39; -45.55; -166.04 
32.03; -27.91; 38.01; -61.10 
-24.78; -46.59; 41.53; 29.18 
13.42; -44.92; -14.68; -185.74 
-42.47; 6.79; -2.29; 112.33 
12.89; 33.89; -32.84; -14.64 
-49.62; -27.75; 21.64; 91.59 
14.17; -19.10; 41.86; 13.14 
-19.63; -32.96; 24.91; 15.29 
-28.90; -49.49; 0.59; -64.00 
5.60; -37.85; 3.83; -105.56 
-3.48; -49.18; 46.91; -14.93 
4.69; 38.80; 41.18; 189.40 
13.38; 14.65; 19.61; 54.15 
33.56; 24.94; -33.32; -87.99 
-48.76; 10.62; 12.97; 172.69 
-24.55; -6.85; -31.32; -33.47 
-45.86; -28.19; -48.77; -81.70 
-28.81; -15.19; 25.83; 86.61 
37.04; -30.42; -9.76; -190.36 
-45.32; 14.55; -32.26; 70.31 
45.74; -49.63; 7.08; -223.23 
33.80; -48.10; 6.53; -192.57 
2.62; -32.48; -22.19; -144.54 
19.34; -14.48; -41.02; -178.76 
-25.09; -30.28; 15.93; 14.38 
33.84; -26.53; -33.80; -228.21 
35.74; -32.12; 11.92; -141.60 
-16.75; 43.82; -6.25; 142.82 
40.58; -6.72; 36.39; -27.78 
12.42; -26.94; -30.11; -170.84 
27.51; -29.69; 29.63; -74.80 
37.51; -43.62; 36.11; -120.54 
30.74; 35.92; 19.46; 70.57 
-33.85; -30.33; 23.99; 53.36 
-39.82; 32.23; -47.09; 70.65 
-42.87; -27.05; -5.33; 15.18 
-27.00; -13.95; -24.49; -31.01 
32.84; -10.16; -28.75; -170.13 
-44.28; -5.43; 36.15; 172.85 
17.70; 14.45; 42.66; 97.02 
-21.49; -37.20; -23.16; -103.31 
-6.12; -45.96; 47.86; 2.08 
-38.56; -22.17; -22.57; -21.73 
-34.90; 26.83; -38.20; 65.29 
-41.69; -42.20; -6.74; -31.60 
-41.48; 42.23; 44.03; 312.82 
14.20; -17.71; -24.97; -138.24 
-7.31; -6.35; 46.53; 108.32 
31.65; 20.36; 15.16; 16.62 
15.48; 27.89; -32.83; -36.79 
48.91; 9.17; -41.16; -184.36 
-30.68; -18.68; -2.11; 16.76 
22.58; 14.16; -4.69; -24.98 
21.76; 23.90; -36.72; -71.18 
-28.61; -41.92; 4.14; -36.08 
-44.58; 35.10; -14.25; 165.65 
-18.97; 14.83; 23.78; 139.68 
-1.29; 34.02; 49.23; 209.15 
-17.28; 23.91; -25.60; 45.61 
-43.26; -29.78; 21.85; 71.80 
-9.05; 42.88; 18.07; 178.78 
3.54; 21.17; 22.33; 100.92 
34.97; -7.02; 12.92; -69.97 
29.92; 42.40; 35.01; 125.99 
29.27; 41.25; 19.61; 88.68 
-34.87; -3.00; 29.24; 141.43 
19.69; -23.12; -26.94; -170.15 
-4.48; 22.55; 7.84; 89.71 
-49.15; 24.23; 8.24; 199.24 
39.62; 10.00; 3.52; -56.83 
33.46; -14.40; 29.86; -47.00 
-48.53; -43.74; -39.90; -96.73 
-17.15; 40.96; -31.42; 77.67 
-14.37; 32.18; 21.78; 171.00 
-22.99; -17.21; 45.93; 114.25 
34.45; -42.19; -11.05; -218.98 
0.80; -19.86; -18.33; -97.39 
-0.79; 32.33; -18.62; 46.03 
-21.07; -30.54; -44.15; -135.07 
-25.26; 19.41; -33.63; 33.47 
-4.02; -46.91; -18.09; -158.37 
-25.51; 12.57; -39.62; 1.75 
-46.19; -10.19; 26.84; 142.90 
-3.37; -39.54; -11.13; -123.91 
-49.14; -5.85; 40.20; 192.44 
-37.70; 8.84; 19.92; 158.25 
9.11; -40.92; -1.82; -135.10 
42.12; 39.36; 18.08; 50.10 
0.03; -7.67; -1.89; -24.67 
-33.17; -29.62; 7.86; 16.26 
10.71; -18.78; -27.59; -139.06 
-5.19; 12.47; 35.15; 127.61 
36.42; -40.54; -26.02; -253.86 
1.71; -36.69; 30.09; -32.45 
42.71; 39.27; -31.14; -65.70 
12.22; 18.27; -41.90; -76.11 
-36.78; 43.99; -11.21; 178.44 
11.58; 18.20; -28.41; -43.51 
-43.64; 30.87; 10.65; 209.85 
-37.78; -22.56; -37.88; -60.12 
-10.13; 19.22; 43.34; 176.27 
3.91; -38.06; -40.36; -204.71 
-13.50; 37.75; -10.19; 109.78 
10.05; -36.25; -35.48; -202.82 
-31.98; 23.63; -22.04; 87.37 
-3.09; 4.82; 46.63; 128.77 
8.92; 25.14; -35.52; -35.14 
-5.43; 4.29; 6.07; 38.69 
-8.37; 41.10; 35.31; 212.40 
5.32; -46.46; -5.83; -150.48 
34.14; -31.31; -16.16; -200.84 
-17.85; -31.58; 41.57; 53.50 
-2.55; 20.15; -42.50; -38.04 
3.66; 18.27; -31.74; -32.60 
-1.61; 34.31; 26.96; 159.01 
28.87; 37.97; -26.93; -27.19 
-20.85; -26.53; -44.91; -126.56 
-49.60; 22.97; 39.59; 269.63 
-44.79; 25.65; -4.30; 163.80 
0.98; -48.18; 13.51; -100.12 
11.35; 43.60; 22.20; 142.76 
-48.90; -31.77; 3.15; 36.20 
3.79; -11.32; 5.09; -27.05 
1.21; 15.80; 33.09; 116.87 
-41.64; -49.06; -46.19; -141.69 
-17.79; 8.70; -5.64; 52.19 
-41.02; -14.41; 3.28; 64.84 
-42.72; 11.12; 8.18; 148.85 
-30.05; -22.17; 33.31; 88.08 
32.33; -46.01; -37.67; -286.07 
-17.89; -29.74; -33.76; -116.22 
-47.79; 15.46; -2.58; 147.37 
-39.31; -5.87; -15.11; 41.17 
-45.25; 10.55; 41.63; 230.81 
-45.40; 49.83; -6.97; 224.07 
35.79; 17.31; -33.30; -113.66 
-7.97; 10.27; 24.75; 104.04 
48.14; 18.11; -14.95; -97.71 
4.28; 43.21; -36.10; 22.93 
-39.56; -32.85; -16.06; -33.03 
36.50; 14.05; 41.47; 49.38 
5.40; -6.36; -41.37; -125.25 
-47.76; 19.27; 42.29; 261.65 
0.13; -13.79; 36.68; 48.12 
32.78; 49.47; -6.82; 41.29 
-26.53; 7.01; -49.44; -33.61 
49.12; -38.70; -34.00; -297.01 
-36.29; -44.16; -2.07; -38.62 
-16.79; 32.19; -26.79; 63.98 
4.53; -26.45; 35.47; 1.00 
5.14; -27.42; -12.68; -114.73 
-21.86; -37.21; 36.12; 35.06 
23.88; -1.53; 35.34; 22.65 
-37.53; -21.15; 27.00; 93.61 
-44.83; 18.69; 45.63; 261.01 
29.79; -18.61; -42.16; -216.86 
-40.91; 39.18; 10.12; 224.61 
26.89; -14.76; 38.76; -12.01 
-35.03; -21.27; 32.28; 99.71 
7.28; 29.51; 39.25; 153.90 
33.22; -35.06; -12.18; -199.55 
-13.85; -47.71; 9.70; -73.15 
17.97; 39.31; 25.19; 122.73 
48.91; 15.08; 13.35; -42.00 
-28.11; -41.67; -32.45; -121.46 
27.75; 33.17; -43.09; -74.98 
-21.83; -19.69; -28.56; -67.94 
-32.04; -27.45; -15.98; -35.84 
31.60; 5.74; -42.98; -157.48 
30.11; -26.92; -3.37; -149.97 
13.10; -28.85; 4.42; -97.46 
-19.88; 20.25; 8.42; 120.75 
-4.04; -3.01; -48.09; -109.83 
34.57; -23.94; -43.55; -245.56 
-49.09; -7.53; 7.74; 112.50 
-16.84; -17.23; -4.86; -17.97 
45.09; 46.73; 34.66; 101.48 
14.08; -48.98; -35.98; -247.62 
36.97; -4.01; 24.84; -38.88 
14.98; -43.29; -29.42; -219.19 
32.09; 19.69; 19.90; 24.78 
49.73; 41.96; 36.93; 83.10 
-0.39; -14.93; 29.30; 29.14 
6.01; 37.79; 1.17; 90.79 
37.52; -7.79; -22.55; -160.27 
43.90; 8.40; -48.66; -192.16 
33.25; -49.79; -41.73; -307.80 
-32.49; -33.56; 38.91; 76.12 
-31.86; 42.96; -23.10; 136.62 
13.42; 22.63; -24.65; -27.16 
-2.11; -30.19; 9.85; -53.02 
29.01; 29.51; 1.16; 14.90 
-44.49; 5.22; 42.96; 217.79 
2.26; 9.66; -8.78; 0.77 
4.83; 33.45; 36.22; 163.18 
13.53; -16.89; -20.10; -123.17 
25.30; 45.82; 35.06; 146.07 
-45.66; 42.86; 46.05; 328.94 
8.97; -41.92; 22.56; -80.91 
15.11; 49.54; 2.00; 103.12 
-34.78; -24.27; -38.10; -72.22 
-6.69; 8.71; -17.41; -0.95 
39.13; 49.68; -35.00; -38.31 
-20.54; 48.76; -47.30; 69.71 
-48.47; -42.80; 38.22; 86.89 
-31.57; 26.00; 2.44; 149.58 
-13.14; 2.29; -43.71; -64.21 
27.32; 32.59; -16.09; -12.90 
23.90; -38.55; -10.16; -182.54 
-1.62; 5.09; 6.94; 33.99 
12.74; -40.59; 3.08; -131.31 
-8.75; -33.09; 40.85; 26.57 
22.01; -0.77; 12.69; -23.49 
-48.47; -44.06; -4.27; -15.07 
18.39; -47.35; -22.62; -222.28 
-30.70; 23.80; 19.80; 181.91 
-46.03; 37.87; 16.76; 248.42 
-46.60; 0.96; -10.31; 87.66 
43.22; 30.37; -35.64; -101.27 
34.45; 1.12; -34.49; -156.85 
8.29; 22.70; 8.00; 60.73 
-46.28; -3.06; 21.66; 150.27 
-21.39; -47.33; -27.44; -140.72 
-24.50; 31.69; -22.02; 91.66 
-31.26; -40.61; -10.00; -59.19 
-30.47; 22.18; -1.67; 127.20 
-24.28; -45.32; 49.81; 50.64 
-14.96; 37.71; 26.75; 198.78 
22.28; -40.13; 23.34; -105.29 
44.84; -17.92; -44.96; -256.57 
-0.61; 44.01; -1.21; 117.42 
-44.91; -22.51; -14.98; 9.75 
17.75; 36.00; -28.21; -9.54 
30.93; -25.81; -31.25; -213.58 
-10.98; 15.36; 26.36; 128.48 
-27.23; 38.55; 21.99; 218.58 
-15.75; -24.12; -35.84; -110.91 
-10.85; -1.91; -10.87; -4.66 
17.45; 22.42; 12.64; 49.40 
25.65; -25.37; 21.16; -78.50 
-11.83; 37.87; -38.96; 39.47 
-41.07; -38.04; -8.43; -25.77 
-8.30; 23.80; -25.60; 24.39 
44.92; 41.08; 18.27; 48.65 
42.50; -13.58; -21.79; -185.69 
9.68; 45.03; -20.21; 52.11 
14.20; 7.55; 35.98; 71.12 
11.31; 15.27; 37.37; 101.84 
-23.35; 9.29; -22.48; 27.66 
36.32; 10.85; -2.84; -61.61 
-17.55; 12.84; 48.64; 188.70 
-43.87; 26.95; -30.46; 104.47 
-42.76; -8.90; -22.91; 22.96 
-27.48; 30.65; 28.33; 212.62 
-26.70; -36.12; 39.51; 57.13 
-47.88; -23.56; 49.64; 163.77 
-4.13; -6.37; -23.77; -62.24 
-8.12; -48.46; -25.22; -169.53 
28.17; 45.49; -9.48; 35.16 
46.21; -30.01; 43.27; -87.59 
2.11; -26.94; -39.52; -168.65 
-39.22; 39.73; -9.30; 177.10 
2.48; -13.66; -9.55; -64.26 
35.02; -39.20; -23.62; -241.42 
-11.83; -9.21; 47.40; 113.18 
-31.83; 1.28; -32.80; 1.93 
-21.47; -16.36; -39.74; -85.76 
-47.85; 3.76; 47.24; 231.62 
-31.56; -13.46; -42.02; -59.74 
30.08; 10.35; -2.41; -47.42 
-26.98; 41.57; -26.63; 113.33 
12.78; -4.64; -23.76; -96.96 
-24.41; 8.70; -31.81; 6.90 
43.31; -3.10; 37.83; -21.07 
-46.38; 40.28; -41.11; 121.46 
-49.21; -20.87; 27.38; 122.46 
10.29; 38.46; 45.99; 186.60 
-24.86; -42.55; -20.58; -103.86 
-31.93; -30.63; 36.69; 77.54 
-17.02; -28.81; 39.70; 54.68 
44.70; -14.26; -32.36; -217.17 
-19.25; -25.04; -1.83; -26.33 
40.45; 47.15; 25.26; 91.61 
46.54; -41.60; -29.70; -288.83 
-24.79; 47.13; -33.02; 108.35 
-43.55; -7.36; 23.76; 137.22 
31.79; -28.01; -4.57; -159.60 
5.83; 13.29; -25.08; -35.60 
-38.37; -48.16; 4.92; -28.31 
-39.40; -13.40; -21.73; 5.76 
-48.14; 10.27; 1.64; 144.02 
46.91; -28.29; -10.80; -210.04 
-30.33; 27.21; 39.03; 234.83 
-12.81; -48.92; -34.75; -181.95 
-45.05; 31.39; -46.53; 81.88 
-28.70; 40.66; 15.20; 211.93 
-33.53; 22.10; 33.13; 214.86 
-27.04; -12.67; 42.34; 127.57 
43.25; 21.15; 40.22; 49.85 
15.10; 14.55; 36.05; 88.01 
-39.02; -35.68; -32.24; -79.44 
-24.21; 10.21; -13.39; 53.23 
-4.78; -36.50; 0.63; -85.17 
48.00; 45.75; 14.35; 44.94 
42.54; 39.80; -12.79; -21.31 
-41.18; -49.21; -3.48; -44.08 
-1.91; -44.18; -21.63; -164.16 
-27.87; 47.71; 7.80; 211.79 
35.37; -45.85; -45.34; -310.52 
-32.97; -12.14; 1.11; 47.16 
44.72; 0.44; -6.34; -117.30 
49.21; 42.65; 19.21; 45.06 
-45.66; 35.00; 12.65; 230.31 
34.43; 23.43; -30.58; -87.72 
43.55; -10.63; -45.22; -234.56 
-30.22; -34.04; 46.75; 87.72 
15.74; 14.38; 7.99; 20.96 
15.67; -46.45; 24.82; -103.46 
-40.07; 32.92; 35.28; 264.19 
25.18; -33.04; -19.20; -191.67 
-35.20; -5.88; -47.68; -44.00 
-45.68; -35.10; -36.58; -72.43 
0.94; 49.27; 28.19; 196.17 
8.48; 46.00; -43.68; 3.06 
-42.96; 5.77; -28.59; 49.71 
-39.69; -2.20; -31.29; 14.39 
21.85; -25.55; 15.59; -83.05 
-22.71; -21.88; -8.22; -24.59 
27.44; -27.28; -25.96; -197.13 
-27.11; -15.40; 0.16; 22.53 
-16.73; -9.62; -13.84; -18.59 
19.95; 41.73; -33.58; -11.72 
28.99; 25.92; -49.31; -111.80 
6.67; -36.17; -24.22; -168.61 
26.40; -48.35; -5.50; -203.91 
4.51; 13.55; -37.38; -60.36 
-25.12; -25.25; -22.31; -60.73 
10.81; 19.39; -29.24; -40.44 
-38.48; 23.93; -26.59; 92.76 
-22.32; 31.06; -41.20; 40.39 
-45.07; 29.24; 7.35; 201.14 
38.72; -39.67; 1.42; -193.22 
-45.83; -4.94; 14.35; 127.21 
-11.22; -27.04; 19.50; -0.94 
48.23; 19.53; -22.89; -112.52 
32.50; -41.72; 46.20; -80.35 
-6.73; 19.10; -11.19; 41.52 
-4.65; -23.90; -7.13; -69.58 
-40.47; -41.93; 22.59; 34.33 
-43.82; 2.74; -1.52; 106.36 
-35.80; 45.32; 8.91; 226.42 
-4.29; -28.72; -43.84; -168.55 
-4.76; -24.75; -21.66; -105.32 
-33.28; -4.22; -45.84; -39.74 
-22.91; -13.77; 33.95; 95.52 
47.02; -3.38; -48.57; -230.91 
-38.10; 16.82; 6.79; 150.19 
-32.41; -36.65; -48.14; -134.34 
-31.14; 36.55; -46.78; 62.77 
35.62; -28.99; 3.02; -153.55 
-46.10; -36.78; -1.18; 6.16 
38.28; 10.92; -11.72; -86.59 
-9.18; -39.64; 19.76; -38.98 
-41.86; 12.10; 3.72; 139.13 
22.15; 12.71; 11.50; 9.68 
9.68; -16.23; 7.11; -49.30 
37.17; 12.19; -34.70; -133.90 
-19.85; 34.05; -39.04; 47.69 
49.47; 17.96; 27.55; -2.62 
-18.71; 8.70; 32.94; 143.84 
-44.50; -6.03; -41.34; -8.02 
41.58; 24.77; -5.29; -42.10 
-28.21; -43.53; -45.31; -156.07 
39.41; -10.02; -2.29; -123.67 
-26.89; -9.70; -38.93; -53.34 
32.81; 42.18; 35.35; 119.45 
15.40; 45.66; 26.21; 148.17 
25.12; 30.13; 43.79; 124.53 
0.24; 39.46; 36.05; 189.64 
-18.75; 15.95; 45.40; 192.34 
-19.40; 12.66; -29.94; 10.22 
-37.13; 3.65; 0.18; 97.17 
-20.61; -4.82; 4.06; 44.89 
-0.12; 7.61; -41.98; -76.22 
-0.11; 21.56; -28.77; -8.07 
-48.83; -18.10; 43.69; 166.87 
18.81; 23.81; -15.58; -15.50 
-5.25; -44.36; -3.64; -115.12 
-35.50; -17.64; -30.41; -34.87 
-24.67; 49.88; -1.38; 188.88 
-10.03; -29.27; -2.35; -60.40 
42.86; -35.30; 41.64; -97.80 
13.44; -25.04; -18.50; -141.17 
-0.87; 11.34; 6.60; 48.26 
-49.69; -48.67; -46.26; -122.05 
-28.81; -19.23; -27.02; -46.87 
0.39; -47.72; 19.38; -83.89 
-32.38; -15.64; -5.88; 20.15 
-45.80; 10.96; -49.45; 21.89 
14.36; -48.36; 11.21; -137.12 
-27.35; -48.41; -29.99; -135.65 
22.64; -37.36; 24.75; -95.41 
-26.92; -5.81; 22.82; 100.46 
-28.88; -47.24; 17.20; -19.46 
-1.02; -29.86; -15.87; -114.35 
-30.52; -33.99; 12.78; 9.75 
-4.11; -44.83; 6.38; -95.79 
-45.96; -22.09; -42.58; -50.70 
-8.71; 42.11; 25.80; 193.85 
-22.53; -10.84; 36.02; 107.32 
-5.06; 4.78; 23.95; 80.63 
-36.74; -31.38; -26.95; -60.91 
-47.54; 37.28; -25.83; 151.55 
-0.51; 21.48; -36.88; -26.17 
-3.69; -44.13; 18.74; -66.22 
-38.22; -33.55; -5.36; -13.21 
-38.59; 26.40; 47.55; 271.67 
-40.90; 8.44; -5.52; 105.61 
29.03; -11.83; -36.14; -182.89 
-38.32; -16.53; 27.99; 110.18 
-17.02; -23.29; -34.35; -102.27 
18.04; 33.63; -1.63; 45.07 
-9.46; 17.40; -37.30; -17.27 
47.90; 13.66; 23.86; -19.09 
-7.62; 22.42; 35.10; 159.92 
28.17; -3.52; 41.29; 21.11 
10.61; -48.31; 2.58; -148.27 
16.78; -41.13; 14.29; -116.16 
16.89; -20.07; -36.62; -177.88 
-2.46; 26.30; -27.27; 13.63 
32.43; 1.14; -46.63; -180.26 
15.86; 13.61; -16.62; -38.48 
-30.56; 46.27; -22.72; 143.38 
46.97; -36.95; 1.79; -204.26 
27.13; -23.66; -26.65; -188.27 
6.70; 11.92; 42.99; 116.61 
4.42; 46.18; 2.95; 121.19 
-19.45; -20.62; 2.55; -3.81 
0.49; -43.19; -39.24; -207.94 
22.14; -27.76; -17.10; -165.51 
-14.58; -46.24; 25.39; -31.09 
-40.91; -48.88; -23.25; -89.69 
-27.66; 48.25; 26.35; 255.79 
37.93; 45.56; -12.73; 5.07 
-30.41; -22.71; -38.44; -79.00 
-2.04; 12.47; -18.70; -4.67 
34.07; 15.77; -38.80; -126.56 
-25.23; 13.45; -46.86; -13.33 
-25.09; -45.33; -47.83; -174.02 
-9.09; -29.14; -34.01; -135.69 
30.58; -15.67; -41.75; -209.84 